{
  "coverage": 11,
  "diversity": 2.639057329601259,
  "cap_violations": 0,
  "reward": 24.639057329601258,
  "timestamp": "2025-12-19T23:08:13.713543Z",
  "llm": "anthropic",
  "config": {
    "budget": 60,
    "min_communities": 6,
    "max_sessions": 18,
    "max_items_per_session": 8,
    "per_domain_cap": 5,
    "tau": 12.0,
    "diversity_lambda": 0.35,
    "domain_cap_gamma": 0.2
  },
  "reward_final": 24.639057329601258
}